obj,x,y0,y1,y2,y3,y4
Objeto 1,19.598393574297187,26.457556692996533,20.62588620221953,11.202899714372645,10.487274378119045,19.63661100599708
Objeto 2,19.67871485943775,12.987716539257114,21.637141681575827,16.361345045779423,16.260463729635276,23.21124896524694
Objeto 3,19.759036144578314,18.009354532978747,20.881949560082045,18.465703195895927,8.63708454416104,17.49325951110005
Objeto 4,19.839357429718877,23.977487561932875,25.009750457966742,10.698903632914526,11.931084037979739,26.572272952971225
Objeto 5,19.919678714859437,11.676575554147162,13.147387681435,17.65458675643285,16.598303161665307,11.432417950434285
Objeto 6,20.0,11.006778281277425,11.45823587738515,9.87100794610183,12.777631530791046,17.4342630309183
